[{"model": "home.homepage", "pk": 3, "fields": {}}, {"model": "blog.articletype", "pk": 1, "fields": {"name": "News"}}, {"model": "blog.articletype", "pk": 2, "fields": {"name": "Events"}}, {"model": "blog.articletype", "pk": 3, "fields": {"name": "Studies"}}, {"model": "blog.articletype", "pk": 4, "fields": {"name": "Key Fact"}}, {"model": "blog.articletype", "pk": 5, "fields": {"name": "Key Facts"}}, {"model": "blog.articletype", "pk": 6, "fields": {"name": "Podcast"}}, {"model": "blog.location", "pk": 1, "fields": {"name": "Around the World"}}, {"model": "blog.location", "pk": 2, "fields": {"name": "Africa, Middle East & India"}}, {"model": "blog.location", "pk": 3, "fields": {"name": "Asia Pacific"}}, {"model": "blog.location", "pk": 4, "fields": {"name": "Europe"}}, {"model": "blog.location", "pk": 5, "fields": {"name": "Latin America & Caribbean"}}, {"model": "blog.location", "pk": 6, "fields": {"name": "The United States & Canada"}}, {"model": "blog.sector", "pk": 1, "fields": {"name": "Cash is Freedom"}}, {"model": "blog.sector", "pk": 2, "fields": {"name": "Cash is Fair"}}, {"model": "blog.sector", "pk": 3, "fields": {"name": "Cash is Simple"}}, {"model": "blog.sector", "pk": 4, "fields": {"name": "Cash is Friendly"}}, {"model": "blog.sector", "pk": 5, "fields": {"name": "Cash is Resilient"}}, {"model": "blog.sector", "pk": 6, "fields": {"name": "Cash is Common Sense"}}, {"model": "blog.sector", "pk": 7, "fields": {"name": "Cash is Inclusive"}}, {"model": "blog.sector", "pk": 8, "fields": {"name": "Cash is Private"}}, {"model": "blog.sector", "pk": 9, "fields": {"name": "Cash is Secure"}}, {"model": "blog.blogindexpage", "pk": 8, "fields": {"intro": ""}}, {"model": "blog.blogpage", "pk": 19, "fields": {"date": "2025-12-17", "intro": "Test", "body": "[]", "title_position": "Test", "page_header": "", "page_header_image": null, "tall_thumbnail": 1, "wide_thumbnail": 1, "featured": false, "double_width": false, "white_text": false, "hide_title": false, "color": "", "cm_watermark": false, "alternative_text": "", "icon": null, "twitter_body": "", "vimeo_id": "", "source_link": "", "article_types": [], "locations": [], "sectors": []}}, {"model": "blog.newsindexpage", "pk": 10, "fields": {"intro": "Latest news and articles from Cash Matters"}}, {"model": "wagtailusers.userprofile", "pk": 1, "fields": {"user": 3, "submitted_notifications": true, "approved_notifications": true, "rejected_notifications": true, "updated_comments_notifications": true, "preferred_language": "", "current_time_zone": "", "avatar": "", "dismissibles": {"help": true, "whats-new-in-wagtail-7.2": true, "editor-guide": true}, "theme": "system", "contrast": "system", "density": "default", "keyboard_shortcuts": true}}, {"model": "wagtailimages.image", "pk": 1, "fields": {"collection": 1, "title": "1_8eebdccb-ddea-495b-881e-14f661347d8a", "file": "original_images/1_8eebdccb-ddea-495b-881e-14f661347d8a.webp", "description": "", "width": 2444, "height": 2444, "created_at": "2025-12-11T08:58:22.497Z", "uploaded_by_user": 3, "focal_point_x": null, "focal_point_y": null, "focal_point_width": null, "focal_point_height": null, "file_size": 201152, "file_hash": "a731cccad3b072610ef8fc6ed972b33375398324"}}, {"model": "wagtailimages.image", "pk": 2, "fields": {"collection": 1, "title": "34567", "file": "original_images/34567.jpeg", "description": "", "width": 1200, "height": 700, "created_at": "2025-12-16T12:10:45.352Z", "uploaded_by_user": 3, "focal_point_x": null, "focal_point_y": null, "focal_point_width": null, "focal_point_height": null, "file_size": 167439, "file_hash": "22dc73db73238af4cf452a1cad518810b63293a7"}}, {"model": "wagtailimages.image", "pk": 3, "fields": {"collection": 1, "title": "bank_transfer", "file": "original_images/bank_transfer.png", "description": "", "width": 36, "height": 32, "created_at": "2025-12-16T12:14:45.691Z", "uploaded_by_user": 3, "focal_point_x": null, "focal_point_y": null, "focal_point_width": null, "focal_point_height": null, "file_size": 944, "file_hash": "ca131cf6c396070269c5add03d584ddeea8445d3"}}, {"model": "wagtailimages.rendition", "pk": 1, "fields": {"filter_spec": "max-165x165", "file": "images/1_8eebdccb-ddea-495b-881e-14f661347d8a.max-165x165.png", "width": 165, "height": 165, "focal_point_key": "", "image": 1}}, {"model": "wagtailimages.rendition", "pk": 2, "fields": {"filter_spec": "max-165x165", "file": "images/34567.max-165x165.jpg", "width": 165, "height": 96, "focal_point_key": "", "image": 2}}, {"model": "wagtailimages.rendition", "pk": 3, "fields": {"filter_spec": "max-165x165", "file": "images/bank_transfer.max-165x165.png", "width": 36, "height": 32, "focal_point_key": "", "image": 3}}, {"model": "wagtailsearch.indexentry", "pk": 2, "fields": {"content_type": 29, "object_id": "1", "title_norm": 0.5526315789473685, "autocomplete": "1_8eebdccb-ddea-495b-881e-14f661347d8a", "title": "1_8eebdccb-ddea-495b-881e-14f661347d8a", "body": ""}}, {"model": "wagtailsearch.indexentry", "pk": 3, "fields": {"content_type": 3, "object_id": "3", "title_norm": 3.8333333333333335, "autocomplete": "Home", "title": "Home", "body": ""}}, {"model": "wagtailsearch.indexentry", "pk": 5, "fields": {"content_type": 1, "object_id": "1", "title_norm": 3.8333333333333335, "autocomplete": "Root", "title": "Root", "body": ""}}, {"model": "wagtailsearch.indexentry", "pk": 8, "fields": {"content_type": 30, "object_id": "8", "title_norm": 2.4166666666666665, "autocomplete": "Blog", "title": "Blog", "body": ""}}, {"model": "wagtailsearch.indexentry", "pk": 10, "fields": {"content_type": 53, "object_id": "10", "title_norm": 0.609375, "autocomplete": "News and Article", "title": "News and Article", "body": ""}}, {"model": "wagtailsearch.indexentry", "pk": 16, "fields": {"content_type": 29, "object_id": "2", "title_norm": 2.9571428571428573, "autocomplete": "34567", "title": "34567", "body": ""}}, {"model": "wagtailsearch.indexentry", "pk": 18, "fields": {"content_type": 29, "object_id": "3", "title_norm": 1.0865384615384615, "autocomplete": "bank_transfer", "title": "bank_transfer", "body": ""}}, {"model": "wagtailsearch.indexentry", "pk": 21, "fields": {"content_type": 31, "object_id": "19", "title_norm": 1.175, "autocomplete": "Frank test", "title": "Frank test", "body": "Test   "}}, {"model": "wagtailsearch.sqliteftsindexentry", "pk": 2, "fields": {"autocomplete": "1_8eebdccb-ddea-495b-881e-14f661347d8a", "title": "1_8eebdccb-ddea-495b-881e-14f661347d8a", "body": ""}}, {"model": "wagtailsearch.sqliteftsindexentry", "pk": 3, "fields": {"autocomplete": "Home", "title": "Home", "body": ""}}, {"model": "wagtailsearch.sqliteftsindexentry", "pk": 5, "fields": {"autocomplete": "Root", "title": "Root", "body": ""}}, {"model": "wagtailsearch.sqliteftsindexentry", "pk": 8, "fields": {"autocomplete": "Blog", "title": "Blog", "body": ""}}, {"model": "wagtailsearch.sqliteftsindexentry", "pk": 10, "fields": {"autocomplete": "News and Article", "title": "News and Article", "body": ""}}, {"model": "wagtailsearch.sqliteftsindexentry", "pk": 16, "fields": {"autocomplete": "34567", "title": "34567", "body": ""}}, {"model": "wagtailsearch.sqliteftsindexentry", "pk": 18, "fields": {"autocomplete": "bank_transfer", "title": "bank_transfer", "body": ""}}, {"model": "wagtailsearch.sqliteftsindexentry", "pk": 21, "fields": {"autocomplete": "Frank test", "title": "Frank test", "body": "Test   "}}, {"model": "wagtailcore.locale", "pk": 1, "fields": {"language_code": "en"}}, {"model": "wagtailcore.site", "pk": 2, "fields": {"hostname": "localhost", "port": 80, "site_name": "", "root_page": 3, "is_default_site": true}}, {"model": "wagtailcore.revision", "pk": 5, "fields": {"content_type": 3, "base_content_type": 1, "object_id": "3", "created_at": "2025-12-11T09:05:26.611Z", "user": 3, "object_str": "Home", "content": {"pk": 3, "path": "00010001", "depth": 2, "numchild": 0, "translation_key": "da1013ed-8d87-4741-9dff-8b676a5b77b2", "locale": 1, "latest_revision": null, "live": true, "has_unpublished_changes": false, "first_published_at": null, "last_published_at": null, "live_revision": null, "go_live_at": null, "expire_at": null, "expired": false, "locked": false, "locked_at": null, "locked_by": null, "title": "Home", "draft_title": "Home", "slug": "home", "content_type": 3, "url_path": "/home/", "owner": null, "seo_title": "", "show_in_menus": false, "search_description": "", "latest_revision_created_at": null, "alias_of": null, "wagtail_admin_comments": []}, "approved_go_live_at": null}}, {"model": "wagtailcore.revision", "pk": 10, "fields": {"content_type": 30, "base_content_type": 1, "object_id": "8", "created_at": "2025-12-11T09:23:51.358Z", "user": 3, "object_str": "Blog", "content": {"pk": 8, "path": "000100010001", "depth": 3, "numchild": 0, "translation_key": "73e7179e-d7c7-4282-bcc3-fdd318f05676", "locale": 1, "latest_revision": null, "live": true, "has_unpublished_changes": false, "first_published_at": null, "last_published_at": null, "live_revision": null, "go_live_at": null, "expire_at": null, "expired": false, "locked": false, "locked_at": null, "locked_by": null, "title": "Blog", "draft_title": "Blog", "slug": "blog", "content_type": 30, "url_path": "/home/blog/", "owner": 3, "seo_title": "", "show_in_menus": false, "search_description": "", "latest_revision_created_at": null, "alias_of": null, "intro": "", "wagtail_admin_comments": []}, "approved_go_live_at": null}}, {"model": "wagtailcore.revision", "pk": 12, "fields": {"content_type": 53, "base_content_type": 1, "object_id": "10", "created_at": "2025-12-11T11:58:56.735Z", "user": null, "object_str": "News and Article", "content": {"pk": 10, "path": "000100010002", "depth": 3, "numchild": 0, "translation_key": "49c1832d-7e46-48ca-8461-7c3d90136dea", "locale": 1, "latest_revision": null, "live": true, "has_unpublished_changes": false, "first_published_at": null, "last_published_at": null, "live_revision": null, "go_live_at": null, "expire_at": null, "expired": false, "locked": false, "locked_at": null, "locked_by": null, "title": "News and Article", "draft_title": "News and Article", "slug": "news", "content_type": 53, "url_path": "/home/news/", "owner": null, "seo_title": "", "show_in_menus": false, "search_description": "", "latest_revision_created_at": null, "alias_of": null, "intro": "Latest news and articles from Cash Matters", "wagtail_admin_comments": []}, "approved_go_live_at": null}}, {"model": "wagtailcore.revision", "pk": 13, "fields": {"content_type": 53, "base_content_type": 1, "object_id": "10", "created_at": "2025-12-11T12:02:52.662Z", "user": null, "object_str": "News and Article", "content": {"pk": 10, "path": "000100010002", "depth": 3, "numchild": 0, "translation_key": "49c1832d-7e46-48ca-8461-7c3d90136dea", "locale": 1, "latest_revision": 12, "live": true, "has_unpublished_changes": false, "first_published_at": "2025-12-11T11:58:56.741Z", "last_published_at": "2025-12-11T11:58:56.741Z", "live_revision": 12, "go_live_at": null, "expire_at": null, "expired": false, "locked": false, "locked_at": null, "locked_by": null, "title": "News and Article", "draft_title": "News and Article", "slug": "news", "content_type": 53, "url_path": "/home/news/", "owner": null, "seo_title": "", "show_in_menus": true, "search_description": "", "latest_revision_created_at": "2025-12-11T11:58:56.735Z", "alias_of": null, "intro": "Latest news and articles from Cash Matters", "wagtail_admin_comments": []}, "approved_go_live_at": null}}, {"model": "wagtailcore.revision", "pk": 14, "fields": {"content_type": 30, "base_content_type": 1, "object_id": "8", "created_at": "2025-12-11T12:05:47.504Z", "user": null, "object_str": "Blog", "content": {"pk": 8, "path": "000100010001", "depth": 3, "numchild": 1, "translation_key": "73e7179e-d7c7-4282-bcc3-fdd318f05676", "locale": 1, "latest_revision": 10, "live": true, "has_unpublished_changes": false, "first_published_at": "2025-12-11T09:23:51.368Z", "last_published_at": "2025-12-11T09:23:51.368Z", "live_revision": 10, "go_live_at": null, "expire_at": null, "expired": false, "locked": false, "locked_at": null, "locked_by": null, "title": "Blog", "draft_title": "Blog", "slug": "blog", "content_type": 30, "url_path": "/home/blog/", "owner": 3, "seo_title": "", "show_in_menus": true, "search_description": "", "latest_revision_created_at": "2025-12-11T09:23:51.358Z", "alias_of": null, "intro": "", "wagtail_admin_comments": []}, "approved_go_live_at": null}}, {"model": "wagtailcore.revision", "pk": 25, "fields": {"content_type": 31, "base_content_type": 1, "object_id": "19", "created_at": "2025-12-17T06:04:10.288Z", "user": 3, "object_str": "Frank test", "content": {"pk": 19, "path": "0001000100010001", "depth": 4, "numchild": 0, "translation_key": "d0174ef5-ea2f-43bc-9c15-93e2a6268f0f", "locale": 1, "latest_revision": null, "live": true, "has_unpublished_changes": false, "first_published_at": null, "last_published_at": null, "live_revision": null, "go_live_at": null, "expire_at": null, "expired": false, "locked": false, "locked_at": null, "locked_by": null, "title": "Frank test", "draft_title": "Frank test", "slug": "frank-test", "content_type": 31, "url_path": "/home/blog/frank-test/", "owner": 3, "seo_title": "", "show_in_menus": false, "search_description": "", "latest_revision_created_at": null, "alias_of": null, "date": "2025-12-17", "intro": "Test", "body": "[]", "title_position": "Test", "page_header": "", "page_header_image": null, "tall_thumbnail": null, "wide_thumbnail": null, "featured": false, "double_width": false, "white_text": false, "hide_title": false, "color": "", "cm_watermark": false, "alternative_text": "", "icon": null, "twitter_body": "", "vimeo_id": "", "source_link": "", "wagtail_admin_comments": [], "article_types": [], "locations": [], "sectors": []}, "approved_go_live_at": null}}, {"model": "wagtailcore.revision", "pk": 26, "fields": {"content_type": 31, "base_content_type": 1, "object_id": "19", "created_at": "2025-12-17T06:05:55.477Z", "user": 3, "object_str": "Frank test", "content": {"pk": 19, "path": "0001000100010001", "depth": 4, "numchild": 0, "translation_key": "d0174ef5-ea2f-43bc-9c15-93e2a6268f0f", "locale": 1, "latest_revision": 25, "live": true, "has_unpublished_changes": false, "first_published_at": "2025-12-17T06:04:10.300Z", "last_published_at": "2025-12-17T06:04:10.300Z", "live_revision": 25, "go_live_at": null, "expire_at": null, "expired": false, "locked": false, "locked_at": null, "locked_by": null, "title": "Frank test", "draft_title": "Frank test", "slug": "frank-test", "content_type": 31, "url_path": "/home/blog/frank-test/", "owner": 3, "seo_title": "", "show_in_menus": false, "search_description": "", "latest_revision_created_at": "2025-12-17T06:04:10.288Z", "alias_of": null, "date": "2025-12-17", "intro": "Test", "body": "[]", "title_position": "Test", "page_header": "", "page_header_image": null, "tall_thumbnail": 1, "wide_thumbnail": 1, "featured": false, "double_width": false, "white_text": false, "hide_title": false, "color": "", "cm_watermark": false, "alternative_text": "", "icon": null, "twitter_body": "", "vimeo_id": "", "source_link": "", "wagtail_admin_comments": [], "article_types": [], "locations": [], "sectors": []}, "approved_go_live_at": null}}, {"model": "wagtailcore.collection", "pk": 1, "fields": {"path": "0001", "depth": 1, "numchild": 0, "name": "Root"}}, {"model": "wagtailcore.groupcollectionpermission", "pk": 1, "fields": {"group": 2, "collection": 1, "permission": 106}}, {"model": "wagtailcore.groupcollectionpermission", "pk": 2, "fields": {"group": 1, "collection": 1, "permission": 106}}, {"model": "wagtailcore.groupcollectionpermission", "pk": 3, "fields": {"group": 2, "collection": 1, "permission": 107}}, {"model": "wagtailcore.groupcollectionpermission", "pk": 4, "fields": {"group": 1, "collection": 1, "permission": 107}}, {"model": "wagtailcore.groupcollectionpermission", "pk": 5, "fields": {"group": 2, "collection": 1, "permission": 109}}, {"model": "wagtailcore.groupcollectionpermission", "pk": 6, "fields": {"group": 1, "collection": 1, "permission": 109}}, {"model": "wagtailcore.groupcollectionpermission", "pk": 7, "fields": {"group": 2, "collection": 1, "permission": 110}}, {"model": "wagtailcore.groupcollectionpermission", "pk": 8, "fields": {"group": 1, "collection": 1, "permission": 110}}, {"model": "wagtailcore.groupcollectionpermission", "pk": 9, "fields": {"group": 2, "collection": 1, "permission": 111}}, {"model": "wagtailcore.groupcollectionpermission", "pk": 10, "fields": {"group": 1, "collection": 1, "permission": 111}}, {"model": "wagtailcore.groupcollectionpermission", "pk": 11, "fields": {"group": 2, "collection": 1, "permission": 113}}, {"model": "wagtailcore.groupcollectionpermission", "pk": 12, "fields": {"group": 1, "collection": 1, "permission": 113}}, {"model": "wagtailcore.workflow", "pk": 1, "fields": {"name": "Moderators approval", "active": true}}, {"model": "wagtailcore.workflowtask", "pk": 1, "fields": {"sort_order": 0, "workflow": 1, "task": 1}}, {"model": "wagtailcore.task", "pk": 1, "fields": {"name": "Moderators approval", "content_type": 2, "active": true}}, {"model": "wagtailcore.groupapprovaltask", "pk": 1, "fields": {"groups": [1]}}, {"model": "wagtailcore.page", "pk": 1, "fields": {"path": "0001", "depth": 1, "numchild": 1, "translation_key": "99a9d8a7-3612-470c-9584-4fda0cf4ad59", "locale": 1, "latest_revision": null, "live": true, "has_unpublished_changes": false, "first_published_at": null, "last_published_at": null, "live_revision": null, "go_live_at": null, "expire_at": null, "expired": false, "locked": false, "locked_at": null, "locked_by": null, "title": "Root", "draft_title": "Root", "slug": "root", "content_type": 1, "url_path": "/", "owner": null, "seo_title": "", "show_in_menus": false, "search_description": "", "latest_revision_created_at": null, "alias_of": null}}, {"model": "wagtailcore.page", "pk": 3, "fields": {"path": "00010001", "depth": 2, "numchild": 2, "translation_key": "da1013ed-8d87-4741-9dff-8b676a5b77b2", "locale": 1, "latest_revision": 5, "live": true, "has_unpublished_changes": false, "first_published_at": "2025-12-11T09:05:26.629Z", "last_published_at": "2025-12-11T09:05:26.629Z", "live_revision": 5, "go_live_at": null, "expire_at": null, "expired": false, "locked": false, "locked_at": null, "locked_by": null, "title": "Home", "draft_title": "Home", "slug": "home", "content_type": 3, "url_path": "/home/", "owner": null, "seo_title": "", "show_in_menus": false, "search_description": "", "latest_revision_created_at": "2025-12-11T09:05:26.611Z", "alias_of": null}}, {"model": "wagtailcore.page", "pk": 8, "fields": {"path": "000100010001", "depth": 3, "numchild": 1, "translation_key": "73e7179e-d7c7-4282-bcc3-fdd318f05676", "locale": 1, "latest_revision": 14, "live": true, "has_unpublished_changes": false, "first_published_at": "2025-12-11T09:23:51.368Z", "last_published_at": "2025-12-11T12:05:47.605Z", "live_revision": 14, "go_live_at": null, "expire_at": null, "expired": false, "locked": false, "locked_at": null, "locked_by": null, "title": "Blog", "draft_title": "Blog", "slug": "blog", "content_type": 30, "url_path": "/home/blog/", "owner": 3, "seo_title": "", "show_in_menus": true, "search_description": "", "latest_revision_created_at": "2025-12-11T12:05:47.504Z", "alias_of": null}}, {"model": "wagtailcore.page", "pk": 10, "fields": {"path": "000100010002", "depth": 3, "numchild": 0, "translation_key": "49c1832d-7e46-48ca-8461-7c3d90136dea", "locale": 1, "latest_revision": 13, "live": true, "has_unpublished_changes": false, "first_published_at": "2025-12-11T11:58:56.741Z", "last_published_at": "2025-12-11T12:02:52.758Z", "live_revision": 13, "go_live_at": null, "expire_at": null, "expired": false, "locked": false, "locked_at": null, "locked_by": null, "title": "News and Article", "draft_title": "News and Article", "slug": "news", "content_type": 53, "url_path": "/home/news/", "owner": null, "seo_title": "", "show_in_menus": true, "search_description": "", "latest_revision_created_at": "2025-12-11T12:02:52.662Z", "alias_of": null}}, {"model": "wagtailcore.page", "pk": 19, "fields": {"path": "0001000100010001", "depth": 4, "numchild": 0, "translation_key": "d0174ef5-ea2f-43bc-9c15-93e2a6268f0f", "locale": 1, "latest_revision": 26, "live": true, "has_unpublished_changes": false, "first_published_at": "2025-12-17T06:04:10.300Z", "last_published_at": "2025-12-17T06:05:55.497Z", "live_revision": 26, "go_live_at": null, "expire_at": null, "expired": false, "locked": false, "locked_at": null, "locked_by": null, "title": "Frank test", "draft_title": "Frank test", "slug": "frank-test", "content_type": 31, "url_path": "/home/blog/frank-test/", "owner": 3, "seo_title": "", "show_in_menus": false, "search_description": "", "latest_revision_created_at": "2025-12-17T06:05:55.477Z", "alias_of": null}}, {"model": "wagtailcore.grouppagepermission", "pk": 1, "fields": {"group": 1, "page": 1, "permission": 65}}, {"model": "wagtailcore.grouppagepermission", "pk": 2, "fields": {"group": 1, "page": 1, "permission": 66}}, {"model": "wagtailcore.grouppagepermission", "pk": 3, "fields": {"group": 1, "page": 1, "permission": 71}}, {"model": "wagtailcore.grouppagepermission", "pk": 4, "fields": {"group": 2, "page": 1, "permission": 65}}, {"model": "wagtailcore.grouppagepermission", "pk": 5, "fields": {"group": 2, "page": 1, "permission": 66}}, {"model": "wagtailcore.grouppagepermission", "pk": 6, "fields": {"group": 1, "page": 1, "permission": 70}}, {"model": "wagtailcore.grouppagepermission", "pk": 7, "fields": {"group": 1, "page": 1, "permission": 72}}, {"model": "wagtailcore.workflowpage", "pk": 1, "fields": {"workflow": 1}}, {"model": "wagtailcore.pagelogentry", "pk": 1, "fields": {"content_type": 31, "label": "Blog", "action": "wagtail.create", "data": {}, "timestamp": "2025-12-11T08:00:18.761Z", "uuid": "6b6aa055-c451-411c-a921-a5f31b10d87b", "user": 3, "revision": null, "content_changed": true, "deleted": false, "page": 4}}, {"model": "wagtailcore.pagelogentry", "pk": 2, "fields": {"content_type": 31, "label": "Blog", "action": "wagtail.edit", "data": {}, "timestamp": "2025-12-11T08:00:18.844Z", "uuid": "6b6aa055-c451-411c-a921-a5f31b10d87b", "user": 3, "revision": 1, "content_changed": true, "deleted": false, "page": 4}}, {"model": "wagtailcore.pagelogentry", "pk": 3, "fields": {"content_type": 31, "label": "Blog", "action": "wagtail.edit", "data": {}, "timestamp": "2025-12-11T08:54:48.522Z", "uuid": "ad6befef-03b7-42d4-a395-c0ba8e806f84", "user": 3, "revision": 2, "content_changed": true, "deleted": false, "page": 4}}, {"model": "wagtailcore.pagelogentry", "pk": 4, "fields": {"content_type": 31, "label": "Blog", "action": "wagtail.edit", "data": {}, "timestamp": "2025-12-11T08:55:14.871Z", "uuid": "e5c09cd5-30d7-40e1-b5be-b4aea64f1721", "user": 3, "revision": 3, "content_changed": true, "deleted": false, "page": 4}}, {"model": "wagtailcore.pagelogentry", "pk": 5, "fields": {"content_type": 31, "label": "Blog", "action": "wagtail.lock", "data": {}, "timestamp": "2025-12-11T08:57:33.620Z", "uuid": "7b4685df-78ff-4a0f-b131-1d09dec50385", "user": 3, "revision": null, "content_changed": false, "deleted": false, "page": 4}}, {"model": "wagtailcore.pagelogentry", "pk": 6, "fields": {"content_type": 31, "label": "Blog", "action": "wagtail.unlock", "data": {}, "timestamp": "2025-12-11T08:57:38.792Z", "uuid": "e32a9349-426a-4217-bced-4484624b4932", "user": 3, "revision": null, "content_changed": false, "deleted": false, "page": 4}}, {"model": "wagtailcore.pagelogentry", "pk": 7, "fields": {"content_type": 31, "label": "Blog", "action": "wagtail.edit", "data": {}, "timestamp": "2025-12-11T08:59:35.442Z", "uuid": "e69d7e7e-9c55-490b-994d-89a7a58e2a9d", "user": 3, "revision": 4, "content_changed": true, "deleted": false, "page": 4}}, {"model": "wagtailcore.pagelogentry", "pk": 8, "fields": {"content_type": 3, "label": "Home", "action": "wagtail.edit", "data": {}, "timestamp": "2025-12-11T09:05:26.625Z", "uuid": "cb363644-73bd-464d-99c7-d43871097853", "user": 3, "revision": 5, "content_changed": true, "deleted": false, "page": 3}}, {"model": "wagtailcore.pagelogentry", "pk": 9, "fields": {"content_type": 3, "label": "Home", "action": "wagtail.publish", "data": {}, "timestamp": "2025-12-11T09:05:26.639Z", "uuid": "cb363644-73bd-464d-99c7-d43871097853", "user": 3, "revision": 5, "content_changed": false, "deleted": false, "page": 3}}, {"model": "wagtailcore.pagelogentry", "pk": 10, "fields": {"content_type": 31, "label": "Blog", "action": "wagtail.create", "data": {}, "timestamp": "2025-12-11T09:06:21.257Z", "uuid": "fe9a7ccc-2b38-47ae-9218-460e05d6bb98", "user": 3, "revision": null, "content_changed": true, "deleted": false, "page": 5}}, {"model": "wagtailcore.pagelogentry", "pk": 11, "fields": {"content_type": 31, "label": "Blog", "action": "wagtail.edit", "data": {}, "timestamp": "2025-12-11T09:06:21.276Z", "uuid": "fe9a7ccc-2b38-47ae-9218-460e05d6bb98", "user": 3, "revision": 6, "content_changed": true, "deleted": false, "page": 5}}, {"model": "wagtailcore.pagelogentry", "pk": 12, "fields": {"content_type": 31, "label": "Blog", "action": "wagtail.publish", "data": {}, "timestamp": "2025-12-11T09:06:21.290Z", "uuid": "fe9a7ccc-2b38-47ae-9218-460e05d6bb98", "user": 3, "revision": 6, "content_changed": true, "deleted": false, "page": 5}}, {"model": "wagtailcore.pagelogentry", "pk": 13, "fields": {"content_type": 31, "label": "Blog", "action": "wagtail.delete", "data": {}, "timestamp": "2025-12-11T09:07:13.027Z", "uuid": "b2962762-2db5-46a1-ad6b-1885a6397ced", "user": 3, "revision": null, "content_changed": false, "deleted": true, "page": 5}}, {"model": "wagtailcore.pagelogentry", "pk": 14, "fields": {"content_type": 31, "label": "Blog", "action": "wagtail.delete", "data": {}, "timestamp": "2025-12-11T09:07:13.032Z", "uuid": "b2962762-2db5-46a1-ad6b-1885a6397ced", "user": 3, "revision": null, "content_changed": false, "deleted": true, "page": 4}}, {"model": "wagtailcore.pagelogentry", "pk": 15, "fields": {"content_type": 31, "label": "Blog", "action": "wagtail.create", "data": {}, "timestamp": "2025-12-11T09:07:39.926Z", "uuid": "1cf41c77-ec19-4c11-bcc5-87a20a999495", "user": 3, "revision": null, "content_changed": true, "deleted": false, "page": 6}}, {"model": "wagtailcore.pagelogentry", "pk": 16, "fields": {"content_type": 31, "label": "Blog", "action": "wagtail.edit", "data": {}, "timestamp": "2025-12-11T09:07:39.939Z", "uuid": "1cf41c77-ec19-4c11-bcc5-87a20a999495", "user": 3, "revision": 7, "content_changed": true, "deleted": false, "page": 6}}, {"model": "wagtailcore.pagelogentry", "pk": 17, "fields": {"content_type": 31, "label": "Blog", "action": "wagtail.publish", "data": {}, "timestamp": "2025-12-11T09:07:39.951Z", "uuid": "1cf41c77-ec19-4c11-bcc5-87a20a999495", "user": 3, "revision": 7, "content_changed": true, "deleted": false, "page": 6}}, {"model": "wagtailcore.pagelogentry", "pk": 18, "fields": {"content_type": 31, "label": "Blog", "action": "wagtail.create", "data": {}, "timestamp": "2025-12-11T09:15:36.894Z", "uuid": "c1c7b316-1afa-42e4-a51e-1566071e1912", "user": 3, "revision": null, "content_changed": true, "deleted": false, "page": 7}}, {"model": "wagtailcore.pagelogentry", "pk": 19, "fields": {"content_type": 31, "label": "Blog", "action": "wagtail.edit", "data": {}, "timestamp": "2025-12-11T09:15:36.914Z", "uuid": "c1c7b316-1afa-42e4-a51e-1566071e1912", "user": 3, "revision": 8, "content_changed": true, "deleted": false, "page": 7}}, {"model": "wagtailcore.pagelogentry", "pk": 20, "fields": {"content_type": 31, "label": "Blog", "action": "wagtail.publish", "data": {}, "timestamp": "2025-12-11T09:15:36.928Z", "uuid": "c1c7b316-1afa-42e4-a51e-1566071e1912", "user": 3, "revision": 8, "content_changed": true, "deleted": false, "page": 7}}, {"model": "wagtailcore.pagelogentry", "pk": 21, "fields": {"content_type": 31, "label": "Blog", "action": "wagtail.edit", "data": {}, "timestamp": "2025-12-11T09:16:12.642Z", "uuid": "ca1352e1-8074-4fb6-afaa-8dd83573613f", "user": 3, "revision": 9, "content_changed": true, "deleted": false, "page": 7}}, {"model": "wagtailcore.pagelogentry", "pk": 22, "fields": {"content_type": 31, "label": "Blog", "action": "wagtail.publish", "data": {}, "timestamp": "2025-12-11T09:16:12.663Z", "uuid": "ca1352e1-8074-4fb6-afaa-8dd83573613f", "user": 3, "revision": 9, "content_changed": false, "deleted": false, "page": 7}}, {"model": "wagtailcore.pagelogentry", "pk": 23, "fields": {"content_type": 30, "label": "Blog", "action": "wagtail.create", "data": {}, "timestamp": "2025-12-11T09:23:51.340Z", "uuid": "1c57e2c3-44a1-4cfa-9485-6cfd83fd4937", "user": 3, "revision": null, "content_changed": true, "deleted": false, "page": 8}}, {"model": "wagtailcore.pagelogentry", "pk": 24, "fields": {"content_type": 30, "label": "Blog", "action": "wagtail.edit", "data": {}, "timestamp": "2025-12-11T09:23:51.364Z", "uuid": "1c57e2c3-44a1-4cfa-9485-6cfd83fd4937", "user": 3, "revision": 10, "content_changed": true, "deleted": false, "page": 8}}, {"model": "wagtailcore.pagelogentry", "pk": 25, "fields": {"content_type": 30, "label": "Blog", "action": "wagtail.publish", "data": {}, "timestamp": "2025-12-11T09:23:51.379Z", "uuid": "1c57e2c3-44a1-4cfa-9485-6cfd83fd4937", "user": 3, "revision": 10, "content_changed": true, "deleted": false, "page": 8}}, {"model": "wagtailcore.pagelogentry", "pk": 26, "fields": {"content_type": 31, "label": "Test", "action": "wagtail.create", "data": {}, "timestamp": "2025-12-11T09:49:21.108Z", "uuid": null, "user": null, "revision": null, "content_changed": true, "deleted": false, "page": 9}}, {"model": "wagtailcore.pagelogentry", "pk": 27, "fields": {"content_type": 31, "label": "Test", "action": "wagtail.publish", "data": {}, "timestamp": "2025-12-11T09:49:21.146Z", "uuid": null, "user": null, "revision": 11, "content_changed": true, "deleted": false, "page": 9}}, {"model": "wagtailcore.pagelogentry", "pk": 28, "fields": {"content_type": 53, "label": "News and Article", "action": "wagtail.create", "data": {}, "timestamp": "2025-12-11T11:58:56.724Z", "uuid": null, "user": null, "revision": null, "content_changed": true, "deleted": false, "page": 10}}, {"model": "wagtailcore.pagelogentry", "pk": 29, "fields": {"content_type": 53, "label": "News and Article", "action": "wagtail.publish", "data": {}, "timestamp": "2025-12-11T11:58:56.749Z", "uuid": null, "user": null, "revision": 12, "content_changed": true, "deleted": false, "page": 10}}, {"model": "wagtailcore.pagelogentry", "pk": 30, "fields": {"content_type": 53, "label": "News and Article", "action": "wagtail.publish", "data": {}, "timestamp": "2025-12-11T12:02:52.767Z", "uuid": null, "user": null, "revision": 13, "content_changed": true, "deleted": false, "page": 10}}, {"model": "wagtailcore.pagelogentry", "pk": 31, "fields": {"content_type": 30, "label": "Blog", "action": "wagtail.publish", "data": {}, "timestamp": "2025-12-11T12:05:47.614Z", "uuid": null, "user": null, "revision": 14, "content_changed": true, "deleted": false, "page": 8}}, {"model": "wagtailcore.pagelogentry", "pk": 32, "fields": {"content_type": 51, "label": "The Future of Digital Payments", "action": "wagtail.create", "data": {}, "timestamp": "2025-12-14T06:25:47.094Z", "uuid": null, "user": null, "revision": null, "content_changed": true, "deleted": false, "page": 11}}, {"model": "wagtailcore.pagelogentry", "pk": 33, "fields": {"content_type": 51, "label": "Cash vs Digital: Privacy Considerations", "action": "wagtail.create", "data": {}, "timestamp": "2025-12-14T06:25:47.114Z", "uuid": null, "user": null, "revision": null, "content_changed": true, "deleted": false, "page": 12}}, {"model": "wagtailcore.pagelogentry", "pk": 34, "fields": {"content_type": 51, "label": "Financial Inclusion Through Cash", "action": "wagtail.create", "data": {}, "timestamp": "2025-12-14T06:25:47.129Z", "uuid": null, "user": null, "revision": null, "content_changed": true, "deleted": false, "page": 13}}, {"model": "wagtailcore.pagelogentry", "pk": 35, "fields": {"content_type": 31, "label": "Blog", "action": "wagtail.edit", "data": {}, "timestamp": "2025-12-14T06:45:45.021Z", "uuid": "3bd96ad8-9372-4927-b5c6-0e3096933cf5", "user": 3, "revision": 15, "content_changed": true, "deleted": false, "page": 6}}, {"model": "wagtailcore.pagelogentry", "pk": 36, "fields": {"content_type": 31, "label": "Blog", "action": "wagtail.publish", "data": {}, "timestamp": "2025-12-14T06:45:45.047Z", "uuid": "3bd96ad8-9372-4927-b5c6-0e3096933cf5", "user": 3, "revision": 15, "content_changed": true, "deleted": false, "page": 6}}, {"model": "wagtailcore.pagelogentry", "pk": 37, "fields": {"content_type": 31, "label": "Blog", "action": "wagtail.edit", "data": {}, "timestamp": "2025-12-14T06:51:06.250Z", "uuid": "2691b35d-4e12-4743-91ca-6a689b82d78d", "user": 3, "revision": 16, "content_changed": true, "deleted": false, "page": 6}}, {"model": "wagtailcore.pagelogentry", "pk": 38, "fields": {"content_type": 31, "label": "Blog", "action": "wagtail.workflow.start", "data": {"workflow": {"id": 1, "title": "Moderators approval", "status": "in_progress", "next": {"id": 1, "title": "Moderators approval"}, "task_state_id": 1}}, "timestamp": "2025-12-14T06:51:06.278Z", "uuid": "2691b35d-4e12-4743-91ca-6a689b82d78d", "user": 3, "revision": 16, "content_changed": false, "deleted": false, "page": 6}}, {"model": "wagtailcore.pagelogentry", "pk": 39, "fields": {"content_type": 31, "label": "Blog", "action": "wagtail.workflow.approve", "data": {"workflow": {"id": 1, "title": "Moderators approval", "status": "approved", "task_state_id": 1, "task": {"id": 1, "title": "Moderators approval"}, "next": null}, "comment": ""}, "timestamp": "2025-12-14T06:51:31.252Z", "uuid": "9d878bb4-8e79-42f0-ba9f-9a08f71cb60d", "user": 3, "revision": 16, "content_changed": false, "deleted": false, "page": 6}}, {"model": "wagtailcore.pagelogentry", "pk": 40, "fields": {"content_type": 31, "label": "Blog", "action": "wagtail.publish", "data": {}, "timestamp": "2025-12-14T06:51:31.273Z", "uuid": "9d878bb4-8e79-42f0-ba9f-9a08f71cb60d", "user": 3, "revision": 16, "content_changed": true, "deleted": false, "page": 6}}, {"model": "wagtailcore.pagelogentry", "pk": 41, "fields": {"content_type": 31, "label": "Blog", "action": "wagtail.edit", "data": {}, "timestamp": "2025-12-14T06:52:22.394Z", "uuid": "c71ab332-8ee1-4797-8b3c-50243140c7b7", "user": 3, "revision": 17, "content_changed": true, "deleted": false, "page": 6}}, {"model": "wagtailcore.pagelogentry", "pk": 42, "fields": {"content_type": 31, "label": "Blog", "action": "wagtail.edit", "data": {}, "timestamp": "2025-12-14T06:52:41.901Z", "uuid": "1a343c66-2bb5-4dc2-9b7a-d6ed102afc7c", "user": 3, "revision": 18, "content_changed": true, "deleted": false, "page": 6}}, {"model": "wagtailcore.pagelogentry", "pk": 43, "fields": {"content_type": 31, "label": "Blog", "action": "wagtail.publish", "data": {}, "timestamp": "2025-12-14T06:52:41.923Z", "uuid": "1a343c66-2bb5-4dc2-9b7a-d6ed102afc7c", "user": 3, "revision": 18, "content_changed": false, "deleted": false, "page": 6}}, {"model": "wagtailcore.pagelogentry", "pk": 44, "fields": {"content_type": 51, "label": "daasdasd", "action": "wagtail.create", "data": {}, "timestamp": "2025-12-14T07:07:02.309Z", "uuid": "d70ff9e4-31a9-46e0-b538-beb78798f93e", "user": 3, "revision": null, "content_changed": true, "deleted": false, "page": 14}}, {"model": "wagtailcore.pagelogentry", "pk": 45, "fields": {"content_type": 51, "label": "daasdasd", "action": "wagtail.edit", "data": {}, "timestamp": "2025-12-14T07:07:02.339Z", "uuid": "d70ff9e4-31a9-46e0-b538-beb78798f93e", "user": 3, "revision": 19, "content_changed": true, "deleted": false, "page": 14}}, {"model": "wagtailcore.pagelogentry", "pk": 46, "fields": {"content_type": 51, "label": "daasdasd", "action": "wagtail.publish", "data": {}, "timestamp": "2025-12-14T07:07:02.358Z", "uuid": "d70ff9e4-31a9-46e0-b538-beb78798f93e", "user": 3, "revision": 19, "content_changed": true, "deleted": false, "page": 14}}, {"model": "wagtailcore.pagelogentry", "pk": 47, "fields": {"content_type": 51, "label": "Frank test blog", "action": "wagtail.create", "data": {}, "timestamp": "2025-12-15T09:02:28.607Z", "uuid": "cb542100-12fa-4de8-bb5c-c7fb7b88e0fe", "user": 3, "revision": null, "content_changed": true, "deleted": false, "page": 15}}, {"model": "wagtailcore.pagelogentry", "pk": 48, "fields": {"content_type": 51, "label": "Frank test blog", "action": "wagtail.edit", "data": {}, "timestamp": "2025-12-15T09:02:28.628Z", "uuid": "cb542100-12fa-4de8-bb5c-c7fb7b88e0fe", "user": 3, "revision": 20, "content_changed": true, "deleted": false, "page": 15}}, {"model": "wagtailcore.pagelogentry", "pk": 49, "fields": {"content_type": 51, "label": "Frank test blog", "action": "wagtail.publish", "data": {}, "timestamp": "2025-12-15T09:02:28.645Z", "uuid": "cb542100-12fa-4de8-bb5c-c7fb7b88e0fe", "user": 3, "revision": 20, "content_changed": true, "deleted": false, "page": 15}}, {"model": "wagtailcore.pagelogentry", "pk": 50, "fields": {"content_type": 51, "label": "tester", "action": "wagtail.create", "data": {}, "timestamp": "2025-12-16T12:11:19.417Z", "uuid": "adb079bd-e83d-4222-92d2-cd4735f47a0a", "user": 3, "revision": null, "content_changed": true, "deleted": false, "page": 16}}, {"model": "wagtailcore.pagelogentry", "pk": 51, "fields": {"content_type": 51, "label": "tester", "action": "wagtail.edit", "data": {}, "timestamp": "2025-12-16T12:11:19.432Z", "uuid": "adb079bd-e83d-4222-92d2-cd4735f47a0a", "user": 3, "revision": 21, "content_changed": true, "deleted": false, "page": 16}}, {"model": "wagtailcore.pagelogentry", "pk": 52, "fields": {"content_type": 51, "label": "tester", "action": "wagtail.publish", "data": {}, "timestamp": "2025-12-16T12:11:19.447Z", "uuid": "adb079bd-e83d-4222-92d2-cd4735f47a0a", "user": 3, "revision": 21, "content_changed": true, "deleted": false, "page": 16}}, {"model": "wagtailcore.pagelogentry", "pk": 53, "fields": {"content_type": 51, "label": "tester", "action": "wagtail.edit", "data": {}, "timestamp": "2025-12-16T12:14:51.511Z", "uuid": "b7dcad13-1527-4f75-9ef3-40db7abd9631", "user": 3, "revision": 22, "content_changed": true, "deleted": false, "page": 16}}, {"model": "wagtailcore.pagelogentry", "pk": 54, "fields": {"content_type": 51, "label": "tester", "action": "wagtail.publish", "data": {}, "timestamp": "2025-12-16T12:14:51.531Z", "uuid": "b7dcad13-1527-4f75-9ef3-40db7abd9631", "user": 3, "revision": 22, "content_changed": true, "deleted": false, "page": 16}}, {"model": "wagtailcore.pagelogentry", "pk": 55, "fields": {"content_type": 31, "label": "xdsadasd", "action": "wagtail.create", "data": {}, "timestamp": "2025-12-17T05:57:10.765Z", "uuid": "534338fc-f5ff-4613-99f2-8fea5f6bd249", "user": 3, "revision": null, "content_changed": true, "deleted": false, "page": 17}}, {"model": "wagtailcore.pagelogentry", "pk": 56, "fields": {"content_type": 31, "label": "xdsadasd", "action": "wagtail.edit", "data": {}, "timestamp": "2025-12-17T05:57:10.784Z", "uuid": "534338fc-f5ff-4613-99f2-8fea5f6bd249", "user": 3, "revision": 23, "content_changed": true, "deleted": false, "page": 17}}, {"model": "wagtailcore.pagelogentry", "pk": 57, "fields": {"content_type": 31, "label": "xdsadasd", "action": "wagtail.publish", "data": {}, "timestamp": "2025-12-17T05:57:10.797Z", "uuid": "534338fc-f5ff-4613-99f2-8fea5f6bd249", "user": 3, "revision": 23, "content_changed": true, "deleted": false, "page": 17}}, {"model": "wagtailcore.pagelogentry", "pk": 58, "fields": {"content_type": 31, "label": "Test dadasd", "action": "wagtail.create", "data": {}, "timestamp": "2025-12-17T06:01:45.463Z", "uuid": "6a749602-0d0e-4daf-a43f-93b2de265080", "user": 3, "revision": null, "content_changed": true, "deleted": false, "page": 18}}, {"model": "wagtailcore.pagelogentry", "pk": 59, "fields": {"content_type": 31, "label": "Test dadasd", "action": "wagtail.edit", "data": {}, "timestamp": "2025-12-17T06:01:45.488Z", "uuid": "6a749602-0d0e-4daf-a43f-93b2de265080", "user": 3, "revision": 24, "content_changed": true, "deleted": false, "page": 18}}, {"model": "wagtailcore.pagelogentry", "pk": 60, "fields": {"content_type": 31, "label": "Test dadasd", "action": "wagtail.publish", "data": {}, "timestamp": "2025-12-17T06:01:45.503Z", "uuid": "6a749602-0d0e-4daf-a43f-93b2de265080", "user": 3, "revision": 24, "content_changed": true, "deleted": false, "page": 18}}, {"model": "wagtailcore.pagelogentry", "pk": 61, "fields": {"content_type": 31, "label": "Frank test", "action": "wagtail.create", "data": {}, "timestamp": "2025-12-17T06:04:10.274Z", "uuid": "b2f77231-c267-47e0-a74a-b9010866aefc", "user": 3, "revision": null, "content_changed": true, "deleted": false, "page": 19}}, {"model": "wagtailcore.pagelogentry", "pk": 62, "fields": {"content_type": 31, "label": "Frank test", "action": "wagtail.edit", "data": {}, "timestamp": "2025-12-17T06:04:10.295Z", "uuid": "b2f77231-c267-47e0-a74a-b9010866aefc", "user": 3, "revision": 25, "content_changed": true, "deleted": false, "page": 19}}, {"model": "wagtailcore.pagelogentry", "pk": 63, "fields": {"content_type": 31, "label": "Frank test", "action": "wagtail.publish", "data": {}, "timestamp": "2025-12-17T06:04:10.311Z", "uuid": "b2f77231-c267-47e0-a74a-b9010866aefc", "user": 3, "revision": 25, "content_changed": true, "deleted": false, "page": 19}}, {"model": "wagtailcore.pagelogentry", "pk": 64, "fields": {"content_type": 31, "label": "Frank test", "action": "wagtail.edit", "data": {}, "timestamp": "2025-12-17T06:05:55.490Z", "uuid": "6c16c4cd-2a8f-47f2-bfeb-f22fc8bfd1ae", "user": 3, "revision": 26, "content_changed": true, "deleted": false, "page": 19}}, {"model": "wagtailcore.pagelogentry", "pk": 65, "fields": {"content_type": 31, "label": "Frank test", "action": "wagtail.publish", "data": {}, "timestamp": "2025-12-17T06:05:55.511Z", "uuid": "6c16c4cd-2a8f-47f2-bfeb-f22fc8bfd1ae", "user": 3, "revision": 26, "content_changed": true, "deleted": false, "page": 19}}, {"model": "wagtailcore.pagesubscription", "pk": 1, "fields": {"user": 3, "page": 3, "comment_notifications": false}}, {"model": "wagtailcore.pagesubscription", "pk": 6, "fields": {"user": 3, "page": 8, "comment_notifications": true}}, {"model": "wagtailcore.pagesubscription", "pk": 13, "fields": {"user": 3, "page": 19, "comment_notifications": true}}, {"model": "wagtailcore.referenceindex", "pk": 1, "fields": {"content_type": 29, "base_content_type": 29, "object_id": "1", "to_content_type": 4, "to_object_id": "1", "model_path": "collection", "content_path": "collection", "content_path_hash": "b40b1263-e929-57f2-a7f8-9dbce56b887b"}}, {"model": "wagtailcore.referenceindex", "pk": 8, "fields": {"content_type": 29, "base_content_type": 29, "object_id": "2", "to_content_type": 4, "to_object_id": "1", "model_path": "collection", "content_path": "collection", "content_path_hash": "b40b1263-e929-57f2-a7f8-9dbce56b887b"}}, {"model": "wagtailcore.referenceindex", "pk": 10, "fields": {"content_type": 29, "base_content_type": 29, "object_id": "3", "to_content_type": 4, "to_object_id": "1", "model_path": "collection", "content_path": "collection", "content_path_hash": "b40b1263-e929-57f2-a7f8-9dbce56b887b"}}, {"model": "wagtailcore.referenceindex", "pk": 12, "fields": {"content_type": 31, "base_content_type": 1, "object_id": "19", "to_content_type": 29, "to_object_id": "1", "model_path": "wide_thumbnail", "content_path": "wide_thumbnail", "content_path_hash": "6ba2ce30-db14-50c4-a965-9825a65ce399"}}, {"model": "wagtailcore.referenceindex", "pk": 13, "fields": {"content_type": 31, "base_content_type": 1, "object_id": "19", "to_content_type": 29, "to_object_id": "1", "model_path": "tall_thumbnail", "content_path": "tall_thumbnail", "content_path_hash": "da620719-05c1-57e4-992d-45f8831fc71b"}}, {"model": "auth.group", "pk": 1, "fields": {"name": "Moderators", "permissions": [105, 106, 107, 109, 108, 110, 111, 113, 112]}}, {"model": "auth.group", "pk": 2, "fields": {"name": "Editors", "permissions": [105, 106, 107, 109, 108, 110, 111, 113, 112]}}, {"model": "auth.user", "pk": 3, "fields": {"password": "pbkdf2_sha256$1000000$tvHiMU1at5i9JiePzeY4G9$BQSvgeoEc3Jvo15Z1SJ1Ek5BRBaPfWGa+OGUXWeTc6E=", "last_login": "2025-12-17T05:56:46.400Z", "is_superuser": true, "username": "admin", "first_name": "", "last_name": "", "email": "admin@cashmatters.com", "is_staff": true, "is_active": true, "date_joined": "2025-12-11T07:56:17.415Z", "groups": [], "user_permissions": []}}]